
INSERT INTO MUNICIPIOS(id_municipio,nombre_municipio) VALUES (1,'Arquitania');
INSERT INTO MUNICIPIOS(id_municipio,nombre_municipio) VALUES (2,'Belen');
INSERT INTO MUNICIPIOS(id_municipio,nombre_municipio) VALUES (3,'Arcabuco');
INSERT INTO MUNICIPIOS(id_municipio,nombre_municipio) VALUES (4,'Tunja');
INSERT INTO MUNICIPIOS(id_municipio,nombre_municipio) VALUES (5,'Villa de Leyva');
INSERT INTO MUNICIPIOS(id_municipio,nombre_municipio) VALUES (6,'Somondoco');
INSERT INTO MUNICIPIOS(id_municipio,nombre_municipio) VALUES (7,'Villa del Rosario');
INSERT INTO MUNICIPIOS(id_municipio,nombre_municipio) VALUES (8,'Cajica');




INSERT INTO LOCACIONES(ID_LOCACION,ID_MUNICIPIO,DIRECCION) VALUES (1,1,'P.O. Box 716, 5031 Aliquam Ave');
INSERT INTO LOCACIONES(ID_LOCACION,ID_MUNICIPIO,DIRECCION) VALUES (2,2,'3551 Enim, Road');
INSERT INTO LOCACIONES(ID_LOCACION,ID_MUNICIPIO,DIRECCION) VALUES (3,3,'Ap #357-8186 Mauris Rd.');
INSERT INTO LOCACIONES(ID_LOCACION,ID_MUNICIPIO,DIRECCION) VALUES (4,2,'5079 Iaculis St.');
INSERT INTO LOCACIONES(ID_LOCACION,ID_MUNICIPIO,DIRECCION) VALUES (5,1,'Ap #290-9832 Phasellus Rd.');
INSERT INTO LOCACIONES(ID_LOCACION,ID_MUNICIPIO,DIRECCION) VALUES (6,1,'391-4564 Adipiscing. Av.');
INSERT INTO LOCACIONES(ID_LOCACION,ID_MUNICIPIO,DIRECCION) VALUES (7,5,'209-4067 Aliquet. St.');
INSERT INTO LOCACIONES(ID_LOCACION,ID_MUNICIPIO,DIRECCION) VALUES (8,8,'Ap #184-7863 Diam. Road');
INSERT INTO LOCACIONES(ID_LOCACION,ID_MUNICIPIO,DIRECCION) VALUES (9,2,'P.O. Box 673, 709 Eget Road');





INSERT INTO PERSONAS(ID_VETERINARIO,NOMBRE_PERSONA,APELLIDO_PERSONA,TELEFONO_PERSONA,TIPO_PERSONA,SALARIO) VALUES (1087626,'Juan Esteban','Rodriguez Gomez','3126786572','T',150000);
INSERT INTO PERSONAS(ID_VETERINARIO,NOMBRE_PERSONA,APELLIDO_PERSONA,TELEFONO_PERSONA,TIPO_PERSONA,SALARIO) VALUES (1480724,'Rodrigo','Hoyos Piedraita','3145678972','T',150000);
INSERT INTO PERSONAS(ID_VETERINARIO,NOMBRE_PERSONA,APELLIDO_PERSONA,TELEFONO_PERSONA,TIPO_PERSONA,SALARIO) VALUES (629833,'Maria Valentina','Santos Perdonmo','3159365395','T',150000);
INSERT INTO PERSONAS(ID_VETERINARIO,NOMBRE_PERSONA,APELLIDO_PERSONA,TELEFONO_PERSONA,TIPO_PERSONA,SALARIO) VALUES (3621752,'Laura Venessa','Perez Mancipe','3114560287','T',150000);
INSERT INTO PERSONAS(ID_VETERINARIO,NOMBRE_PERSONA,APELLIDO_PERSONA,TELEFONO_PERSONA,TIPO_PERSONA,SALARIO) VALUES (6754239,'Fabian','Caceres Arias','3105468244','T',150000);
INSERT INTO PERSONAS(ID_VETERINARIO,NOMBRE_PERSONA,APELLIDO_PERSONA,TELEFONO_PERSONA,TIPO_PERSONA,SALARIO) VALUES (56413253,'Reece','Barrett','3147629829','C',NULL);
INSERT INTO PERSONAS(ID_VETERINARIO,NOMBRE_PERSONA,APELLIDO_PERSONA,TELEFONO_PERSONA,TIPO_PERSONA,SALARIO) VALUES (19713232,'Tatyana','Fry','342789029','C',NULL);
INSERT INTO PERSONAS(ID_VETERINARIO,NOMBRE_PERSONA,APELLIDO_PERSONA,TELEFONO_PERSONA,TIPO_PERSONA,SALARIO) VALUES (2398432,'Cynthia','Strong','3948475172','C',NULL);
INSERT INTO PERSONAS(ID_VETERINARIO,NOMBRE_PERSONA,APELLIDO_PERSONA,TELEFONO_PERSONA,TIPO_PERSONA,SALARIO) VALUES (218462343,'Quinn','Rosario','3415679264','C',NULL);
INSERT INTO PERSONAS(ID_VETERINARIO,NOMBRE_PERSONA,APELLIDO_PERSONA,TELEFONO_PERSONA,TIPO_PERSONA,SALARIO) VALUES (32974381,'Brent','Chandler','3158972489','C',NULL);
INSERT INTO PERSONAS(ID_VETERINARIO,NOMBRE_PERSONA,APELLIDO_PERSONA,TELEFONO_PERSONA,TIPO_PERSONA,SALARIO) VALUES (98621721,'Paki','Thomas','3152983684','C',NULL);
INSERT INTO PERSONAS(ID_VETERINARIO,NOMBRE_PERSONA,APELLIDO_PERSONA,TELEFONO_PERSONA,TIPO_PERSONA,SALARIO) VALUES (2387312,'Levi','Mckinney','3254879651','C',NULL);
INSERT INTO PERSONAS(ID_VETERINARIO,NOMBRE_PERSONA,APELLIDO_PERSONA,TELEFONO_PERSONA,TIPO_PERSONA,SALARIO) VALUES (097231,'Tyler','Ryan','312548965','C',NULL);
INSERT INTO PERSONAS(ID_VETERINARIO,NOMBRE_PERSONA,APELLIDO_PERSONA,TELEFONO_PERSONA,TIPO_PERSONA,SALARIO) VALUES (9074372,'Jack','Mcmillan','3014873492','C',NULL);
INSERT INTO PERSONAS(ID_VETERINARIO,NOMBRE_PERSONA,APELLIDO_PERSONA,TELEFONO_PERSONA,TIPO_PERSONA,SALARIO) VALUES (3209734,'Last','Wayne','3244873549','C',NULL);
INSERT INTO PERSONAS(ID_VETERINARIO,NOMBRE_PERSONA,APELLIDO_PERSONA,TELEFONO_PERSONA,TIPO_PERSONA,SALARIO) VALUES (7863267,'Pedro','Herrera','32456123','V',NULL);
INSERT INTO PERSONAS(ID_VETERINARIO,NOMBRE_PERSONA,APELLIDO_PERSONA,TELEFONO_PERSONA,TIPO_PERSONA,SALARIO) VALUES (6598959,'Laura','Paez','384854651','V',NULL);
INSERT INTO PERSONAS(ID_VETERINARIO,NOMBRE_PERSONA,APELLIDO_PERSONA,TELEFONO_PERSONA,TIPO_PERSONA,SALARIO) VALUES (89795595,'Esteban','Gimenez','3658865','V',NULL);





INSERT INTO FINCAS(ID_FINCA,ID_LOCACION,ID_TRABAJADOR,NOMBRE_FINCA) VALUES (1,5,6754239,'La villita');
INSERT INTO FINCAS(ID_FINCA,ID_LOCACION,ID_TRABAJADOR,NOMBRE_FINCA) VALUES (2,2,3621752,'Santa Maria');
INSERT INTO FINCAS(ID_FINCA,ID_LOCACION,ID_TRABAJADOR,NOMBRE_FINCA) VALUES (3,3,1480724,'Stanta Clara');
INSERT INTO FINCAS(ID_FINCA,ID_LOCACION,ID_TRABAJADOR,NOMBRE_FINCA) VALUES (4,5,3621752,'Tres Angeles');
INSERT INTO FINCAS(ID_FINCA,ID_LOCACION,ID_TRABAJADOR,NOMBRE_FINCA) VALUES (5,1,3621752,'Cascada Real');
INSERT INTO FINCAS(ID_FINCA,ID_LOCACION,ID_TRABAJADOR,NOMBRE_FINCA) VALUES (7,5,6754239,'La villita 2');
INSERT INTO FINCAS(ID_FINCA,ID_LOCACION,ID_TRABAJADOR,NOMBRE_FINCA) VALUES (8,2,1087626,'Santa Coloma');
INSERT INTO FINCAS(ID_FINCA,ID_LOCACION,ID_TRABAJADOR,NOMBRE_FINCA) VALUES (9,2,3621752,'Espiritu Santo');



INSERT INTO VENTAS(ID_VENTA,ID_COMPRADOR,VALOR_VENTA,FECHA) VALUES (1,2398432,1562920,TO_DATE('2003/05/21', 'yyyy/MM/dd'));
INSERT INTO VENTAS(ID_VENTA,ID_COMPRADOR,VALOR_VENTA,FECHA) VALUES (2,98621721,2500000,TO_DATE('2013/10/12', 'yyyy/MM/dd'));
INSERT INTO VENTAS(ID_VENTA,ID_COMPRADOR,VALOR_VENTA,FECHA) VALUES (3,2387312,2100000,TO_DATE('2005/08/10', 'yyyy/MM/dd'));
INSERT INTO VENTAS(ID_VENTA,ID_COMPRADOR,VALOR_VENTA,FECHA) VALUES (4,629833,1850000,TO_DATE('2008/06/03', 'yyyy/MM/dd'));
INSERT INTO VENTAS(ID_VENTA,ID_COMPRADOR,VALOR_VENTA,FECHA) VALUES (5,629833,1256000,TO_DATE('2003/05/06', 'yyyy/MM/dd'));
INSERT INTO VENTAS(ID_VENTA,ID_COMPRADOR,VALOR_VENTA,FECHA) VALUES (6,2398432,3210000,TO_DATE('2015/11/09', 'yyyy/MM/dd'));
INSERT INTO VENTAS(ID_VENTA,ID_COMPRADOR,VALOR_VENTA,FECHA) VALUES (7,629833,1265500,TO_DATE('2018/02/10', 'yyyy/MM/dd'));
INSERT INTO VENTAS(ID_VENTA,ID_COMPRADOR,VALOR_VENTA,FECHA) VALUES (8,3209734,2031000,TO_DATE('2019/04/13', 'yyyy/MM/dd'));
INSERT INTO VENTAS(ID_VENTA,ID_COMPRADOR,VALOR_VENTA,FECHA) VALUES (9,98621721,4596000,TO_DATE('2001/07/17', 'yyyy/MM/dd'));
INSERT INTO VENTAS(ID_VENTA,ID_COMPRADOR,VALOR_VENTA,FECHA) VALUES (10,2387312,3210000,TO_DATE('2004/05/30', 'yyyy/MM/dd'));
INSERT INTO VENTAS(ID_VENTA,ID_COMPRADOR,VALOR_VENTA,FECHA) VALUES (11,3209734,1080000,TO_DATE('2004/01/21', 'yyyy/MM/dd'));
INSERT INTO VENTAS(ID_VENTA,ID_COMPRADOR,VALOR_VENTA,FECHA) VALUES (12,629833,10980000,TO_DATE('2011/06/24', 'yyyy/MM/dd'));
INSERT INTO VENTAS(ID_VENTA,ID_COMPRADOR,VALOR_VENTA,FECHA) VALUES (13,2398432,12054000,TO_DATE('2010/10/09', 'yyyy/MM/dd'));
INSERT INTO VENTAS(ID_VENTA,ID_COMPRADOR,VALOR_VENTA,FECHA) VALUES (14,3209734,8950000,TO_DATE('2019/09/10', 'yyyy/MM/dd'));
INSERT INTO VENTAS(ID_VENTA,ID_COMPRADOR,VALOR_VENTA,FECHA) VALUES (15,2387312,12356512,TO_DATE('2020/03/03', 'yyyy/MM/dd'));




INSERT INTO REGISTROS(ID_REGISTRO,FECHA_LLEGADA) VALUES (1,TO_DATE('2002/07/08', 'yyyy/mm/dd'));
INSERT INTO REGISTROS(ID_REGISTRO,FECHA_LLEGADA) VALUES (2,TO_DATE('2001/03/03', 'yyyy/mm/dd'));
INSERT INTO REGISTROS(ID_REGISTRO,FECHA_LLEGADA) VALUES (3,TO_DATE('2000/05/20', 'yyyy/mm/dd'));
INSERT INTO REGISTROS(ID_REGISTRO,FECHA_LLEGADA) VALUES (4,TO_DATE('2003/04/12', 'yyyy/mm/dd'));
INSERT INTO REGISTROS(ID_REGISTRO,FECHA_LLEGADA) VALUES (5,TO_DATE('2001/03/15', 'yyyy/mm/dd'));
INSERT INTO REGISTROS(ID_REGISTRO,FECHA_LLEGADA) VALUES (6,TO_DATE('2002/05/17', 'yyyy/mm/dd'));
INSERT INTO REGISTROS(ID_REGISTRO,FECHA_LLEGADA) VALUES (7,TO_DATE('2002/07/20', 'yyyy/mm/dd'));
INSERT INTO REGISTROS(ID_REGISTRO,FECHA_LLEGADA) VALUES(8,TO_DATE('2005/07/03', 'yyyy/mm/dd'));
INSERT INTO REGISTROS(ID_REGISTRO,FECHA_LLEGADA) VALUES(9,TO_DATE('2010/05/24', 'yyyy/mm/dd'));
INSERT INTO REGISTROS(ID_REGISTRO,FECHA_LLEGADA) VALUES(10,TO_DATE('2012/06/18', 'yyyy/mm/dd'));
INSERT INTO REGISTROS(ID_REGISTRO,FECHA_LLEGADA) VALUES(12,TO_DATE('2003/05/23', 'yyyy/mm/dd'));

INSERT INTO REGISTROS(ID_REGISTRO,FECHA_LLEGADA) VALUES(13,TO_DATE('2001/07/20', 'yyyy/mm/dd'));
INSERT INTO REGISTROS(ID_REGISTRO,FECHA_LLEGADA) VALUES(14,TO_DATE('2000/06/18', 'yyyy/mm/dd'));
INSERT INTO REGISTROS(ID_REGISTRO,FECHA_LLEGADA) VALUES(15,TO_DATE('2000/06/17', 'yyyy/mm/dd'));
INSERT INTO REGISTROS(ID_REGISTRO,FECHA_LLEGADA) VALUES(16,TO_DATE('2008/05/26', 'yyyy/mm/dd'));
INSERT INTO REGISTROS(ID_REGISTRO,FECHA_LLEGADA) VALUES(17,TO_DATE('2009/05/28', 'yyyy/mm/dd'));
INSERT INTO REGISTROS(ID_REGISTRO,FECHA_LLEGADA) VALUES(18,TO_DATE('2005/08/23', 'yyyy/mm/dd'));
INSERT INTO REGISTROS(ID_REGISTRO,FECHA_LLEGADA) VALUES(19,TO_DATE('2005/05/01', 'yyyy/mm/dd'));
INSERT INTO REGISTROS(ID_REGISTRO,FECHA_LLEGADA) VALUES(20,TO_DATE('2005/09/05', 'yyyy/mm/dd'));
INSERT INTO REGISTROS(ID_REGISTRO,FECHA_LLEGADA) VALUES(21,TO_DATE('2005/06/13', 'yyyy/mm/dd'));
INSERT INTO REGISTROS(ID_REGISTRO,FECHA_LLEGADA) VALUES(22,TO_DATE('2011/05/24', 'yyyy/mm/dd'));
INSERT INTO REGISTROS(ID_REGISTRO,FECHA_LLEGADA) VALUES(23,TO_DATE('2012/09/16', 'yyyy/mm/dd'));
INSERT INTO REGISTROS(ID_REGISTRO,FECHA_LLEGADA) VALUES(24,TO_DATE('2010/07/14', 'yyyy/mm/dd'));
INSERT INTO REGISTROS(ID_REGISTRO,FECHA_LLEGADA) VALUES(25,TO_DATE('2009/05/18', 'yyyy/mm/dd'));
INSERT INTO REGISTROS(ID_REGISTRO,FECHA_LLEGADA) VALUES(26,TO_DATE('2002/01/19', 'yyyy/mm/dd'));
INSERT INTO REGISTROS(ID_REGISTRO,FECHA_LLEGADA) VALUES(27,TO_DATE('2003/08/20', 'yyyy/mm/dd'));
INSERT INTO REGISTROS(ID_REGISTRO,FECHA_LLEGADA) VALUES(28,TO_DATE('2006/05/21', 'yyyy/mm/dd'));



INSERT INTO ESPECIES_RES(ID_ESPECIE,NOMBRE_ESPECIE) VALUES (1,'Angus');
INSERT INTO ESPECIES_RES(ID_ESPECIE,NOMBRE_ESPECIE) VALUES (2,'Holstein');
INSERT INTO ESPECIES_RES(ID_ESPECIE,NOMBRE_ESPECIE) VALUES (3,'Hereford');
INSERT INTO ESPECIES_RES(ID_ESPECIE,NOMBRE_ESPECIE) VALUES (4,'Simmental');
INSERT INTO ESPECIES_RES(ID_ESPECIE,NOMBRE_ESPECIE) VALUES (5,'Limousin');
INSERT INTO ESPECIES_RES(ID_ESPECIE,NOMBRE_ESPECIE) VALUES (6,'Pardo Suizo');



INSERT INTO RESES(ID_RES,NOMBRE_RES,GENERO,COLOR,FECHA_NACIMINETO,ID_REGISTRO,ID_ESPECIE,ID_VENTA,ID_FINCA) VALUES (1,21097,'M','Marron',TO_DATE('2002/07/08', 'yyyy/mm/dd'),1,3,NULL,1);
INSERT INTO RESES(ID_RES,NOMBRE_RES,GENERO,COLOR,FECHA_NACIMINETO,ID_REGISTRO,ID_ESPECIE,ID_VENTA,ID_FINCA) VALUES (2,12143,'F','Blanco',TO_DATE('2001/03/03', 'yyyy/mm/dd'),2,2,1,3);
INSERT INTO RESES(ID_RES,NOMBRE_RES,GENERO,COLOR,FECHA_NACIMINETO,ID_REGISTRO,ID_ESPECIE,ID_VENTA,ID_FINCA) VALUES (3,23123,'M','Negro',TO_DATE('2000/05/20', 'yyyy/mm/dd'),3,1,2,5);
INSERT INTO RESES(ID_RES,NOMBRE_RES,GENERO,COLOR,FECHA_NACIMINETO,ID_REGISTRO,ID_ESPECIE,ID_VENTA,ID_FINCA) VALUES (4,21332,'M','Negro',TO_DATE('2003/04/12', 'yyyy/mm/dd'),4,5,NULL,5);
INSERT INTO RESES(ID_RES,NOMBRE_RES,GENERO,COLOR,FECHA_NACIMINETO,ID_REGISTRO,ID_ESPECIE,ID_VENTA,ID_FINCA) VALUES (5,52132,'F','Marron',TO_DATE('2001/03/15', 'yyyy/mm/dd'),5,3,3,1);
INSERT INTO RESES(ID_RES,NOMBRE_RES,GENERO,COLOR,FECHA_NACIMINETO,ID_REGISTRO,ID_ESPECIE,ID_VENTA,ID_FINCA) VALUES (6,36532,'M','Negro',TO_DATE('2002/05/17', 'yyyy/mm/dd'),6,1,4,2);
INSERT INTO RESES(ID_RES,NOMBRE_RES,GENERO,COLOR,FECHA_NACIMINETO,ID_REGISTRO,ID_ESPECIE,ID_VENTA,ID_FINCA) VALUES (7,25141,'M','Blanco',TO_DATE('2002/07/20', 'yyyy/mm/dd'),7,4,NULL,3);
INSERT INTO RESES(ID_RES,NOMBRE_RES,GENERO,COLOR,FECHA_NACIMINETO,ID_REGISTRO,ID_ESPECIE,ID_VENTA,ID_FINCA) VALUES (8,15231,'F','Negro',TO_DATE('2005/07/03', 'yyyy/mm/dd'),8,5,NULL,2);
INSERT INTO RESES(ID_RES,NOMBRE_RES,GENERO,COLOR,FECHA_NACIMINETO,ID_REGISTRO,ID_ESPECIE,ID_VENTA,ID_FINCA) VALUES (9,52344,'M','Blanco',TO_DATE('2010/05/24', 'yyyy/mm/dd'),9,5,5,2);
INSERT INTO RESES(ID_RES,NOMBRE_RES,GENERO,COLOR,FECHA_NACIMINETO,ID_REGISTRO,ID_ESPECIE,ID_VENTA,ID_FINCA) VALUES (10,33464,'M','Marron',TO_DATE('2012/06/18', 'yyyy/mm/dd'),10,5,NULL,1);
INSERT INTO RESES(ID_RES,NOMBRE_RES,GENERO,COLOR,FECHA_NACIMINETO,ID_REGISTRO,ID_ESPECIE,ID_VENTA,ID_FINCA) VALUES (11,43143,'M','Negro',TO_DATE('2003/05/23', 'yyyy/mm/dd'),11,1,6,9);
INSERT INTO RESES(ID_RES,NOMBRE_RES,GENERO,COLOR,FECHA_NACIMINETO,ID_REGISTRO,ID_ESPECIE,ID_VENTA,ID_FINCA) VALUES (12,43114,'M','Negro',TO_DATE('2002/05/11', 'yyyy/mm/dd'),12,4,7,9);
INSERT INTO RESES(ID_RES,NOMBRE_RES,GENERO,COLOR,FECHA_NACIMINETO,ID_REGISTRO,ID_ESPECIE,ID_VENTA,ID_FINCA) VALUES (13,86585,'M','Blanco',TO_DATE('2001/07/20', 'yyyy/mm/dd'),13,3,14,5);
INSERT INTO RESES(ID_RES,NOMBRE_RES,GENERO,COLOR,FECHA_NACIMINETO,ID_REGISTRO,ID_ESPECIE,ID_VENTA,ID_FINCA) VALUES (14,65765,'F','Negro',TO_DATE('2000/06/18', 'yyyy/mm/dd'),14,3,NULL,5);
INSERT INTO RESES(ID_RES,NOMBRE_RES,GENERO,COLOR,FECHA_NACIMINETO,ID_REGISTRO,ID_ESPECIE,ID_VENTA,ID_FINCA) VALUES (15,56425,'M','Marron',TO_DATE('2000/06/17', 'yyyy/mm/dd'),15,1,15,1);
INSERT INTO RESES(ID_RES,NOMBRE_RES,GENERO,COLOR,FECHA_NACIMINETO,ID_REGISTRO,ID_ESPECIE,ID_VENTA,ID_FINCA) VALUES (16,90815,'M','Marron',TO_DATE('2008/05/26', 'yyyy/mm/dd'),16,3,NULL,9);
INSERT INTO RESES(ID_RES,NOMBRE_RES,GENERO,COLOR,FECHA_NACIMINETO,ID_REGISTRO,ID_ESPECIE,ID_VENTA,ID_FINCA) VALUES (17,51487,'F','Blanco',TO_DATE('2009/05/28', 'yyyy/mm/dd'),17,5,13,8);
INSERT INTO RESES(ID_RES,NOMBRE_RES,GENERO,COLOR,FECHA_NACIMINETO,ID_REGISTRO,ID_ESPECIE,ID_VENTA,ID_FINCA) VALUES (18,15907,'M','Negro',TO_DATE('2005/08/23', 'yyyy/mm/dd'),18,6,8,7);
INSERT INTO RESES(ID_RES,NOMBRE_RES,GENERO,COLOR,FECHA_NACIMINETO,ID_REGISTRO,ID_ESPECIE,ID_VENTA,ID_FINCA) VALUES (19,21343,'F','Negro',TO_DATE('2005/09/05', 'yyyy/mm/dd'),19,1,NULL,5);
INSERT INTO RESES(ID_RES,NOMBRE_RES,GENERO,COLOR,FECHA_NACIMINETO,ID_REGISTRO,ID_ESPECIE,ID_VENTA,ID_FINCA) VALUES (21,52483,'M','Blanco',TO_DATE('2005/06/13', 'yyyy/mm/dd'),21,6,9,7);
INSERT INTO RESES(ID_RES,NOMBRE_RES,GENERO,COLOR,FECHA_NACIMINETO,ID_REGISTRO,ID_ESPECIE,ID_VENTA,ID_FINCA) VALUES (22,56765,'M','Marron',TO_DATE('2011/05/24', 'yyyy/mm/dd'),22,4,NULL,3);
INSERT INTO RESES(ID_RES,NOMBRE_RES,GENERO,COLOR,FECHA_NACIMINETO,ID_REGISTRO,ID_ESPECIE,ID_VENTA,ID_FINCA) VALUES (23,23158,'F','Negro',TO_DATE('2012/09/16', 'yyyy/mm/dd'),23,5,10,8);
INSERT INTO RESES(ID_RES,NOMBRE_RES,GENERO,COLOR,FECHA_NACIMINETO,ID_REGISTRO,ID_ESPECIE,ID_VENTA,ID_FINCA) VALUES (24,54561,'M','Marron',TO_DATE('2010/07/14', 'yyyy/mm/dd'),24,1,11,1);
INSERT INTO RESES(ID_RES,NOMBRE_RES,GENERO,COLOR,FECHA_NACIMINETO,ID_REGISTRO,ID_ESPECIE,ID_VENTA,ID_FINCA) VALUES (25,48675,'M','Marron',TO_DATE('2009/05/18', 'yyyy/mm/dd'),25,4,NULL,3);
INSERT INTO RESES(ID_RES,NOMBRE_RES,GENERO,COLOR,FECHA_NACIMINETO,ID_REGISTRO,ID_ESPECIE,ID_VENTA,ID_FINCA) VALUES (26,56633,'F','Negro',TO_DATE('2002/01/19', 'yyyy/mm/dd'),26,6,NULL,3);
INSERT INTO RESES(ID_RES,NOMBRE_RES,GENERO,COLOR,FECHA_NACIMINETO,ID_REGISTRO,ID_ESPECIE,ID_VENTA,ID_FINCA) VALUES (27,32156,'M','Blanco',TO_DATE('2003/08/20', 'yyyy/mm/dd'),27,4,12,2);
INSERT INTO RESES(ID_RES,NOMBRE_RES,GENERO,COLOR,FECHA_NACIMINETO,ID_REGISTRO,ID_ESPECIE,ID_VENTA,ID_FINCA) VALUES (28,524523,'M','Marron',TO_DATE('2006/05/21', 'yyyy/mm/dd'),28,4,NULL,2);



INSERT INTO COMPLICACIONES_MEDICAS(ID_COMPLICACION_MEDICA,NOMBRE_COMPLICACION,TIPO_COMPLICACION,DESCRIPCION) VALUES (1,'Difultad Parto','E',NULL);
INSERT INTO COMPLICACIONES_MEDICAS(ID_COMPLICACION_MEDICA,NOMBRE_COMPLICACION,TIPO_COMPLICACION,DESCRIPCION) VALUES (2,'Fiebre Bovina','E',NULL);
INSERT INTO COMPLICACIONES_MEDICAS(ID_COMPLICACION_MEDICA,NOMBRE_COMPLICACION,TIPO_COMPLICACION,DESCRIPCION) VALUES (3,'Vacunas','R',NULL);
INSERT INTO COMPLICACIONES_MEDICAS(ID_COMPLICACION_MEDICA,NOMBRE_COMPLICACION,TIPO_COMPLICACION,DESCRIPCION) VALUES (4,'Lesion Muscular','E',NULL);
INSERT INTO COMPLICACIONES_MEDICAS(ID_COMPLICACION_MEDICA,NOMBRE_COMPLICACION,TIPO_COMPLICACION,DESCRIPCION) VALUES (5,'Desnutricion','E',NULL);


INSERT INTO HISTORIAL_CLINICO(ID_PERSONA,ID_RES,ID_COMPLICACION_MEDICA,COSTO_REVISION,FECHA_REVISION,FECHA_MUERTE) VALUES  (6598959,27,1,850000,TO_DATE('20014/05/21', 'yyyy/mm/dd'),NULL);
INSERT INTO HISTORIAL_CLINICO(ID_PERSONA,ID_RES,ID_COMPLICACION_MEDICA,COSTO_REVISION,FECHA_REVISION,FECHA_MUERTE) VALUES (6598959,16,3,450000,TO_DATE('2012/11/19', 'yyyy/mm/dd'),NULL);
INSERT INTO HISTORIAL_CLINICO(ID_PERSONA,ID_RES,ID_COMPLICACION_MEDICA,COSTO_REVISION,FECHA_REVISION,FECHA_MUERTE) VALUES (89795595,3,4,100500,TO_DATE('2011/10/15', 'yyyy/mm/dd'),NULL);
INSERT INTO HISTORIAL_CLINICO(ID_PERSONA,ID_RES,ID_COMPLICACION_MEDICA,COSTO_REVISION,FECHA_REVISION,FECHA_MUERTE) VALUES (7863267,12,1,850000,TO_DATE('2019/04/21', 'yyyy/mm/dd'),NULL);
INSERT INTO HISTORIAL_CLINICO(ID_PERSONA,ID_RES,ID_COMPLICACION_MEDICA,COSTO_REVISION,FECHA_REVISION,FECHA_MUERTE) VALUES (6598959,22,2,365500,TO_DATE('2018/05/11', 'yyyy/mm/dd'),NULL);
INSERT INTO HISTORIAL_CLINICO(ID_PERSONA,ID_RES,ID_COMPLICACION_MEDICA,COSTO_REVISION,FECHA_REVISION,FECHA_MUERTE) VALUES (7863267,19,1,850000,TO_DATE('2020/06/07', 'yyyy/mm/dd'),NULL);
INSERT INTO HISTORIAL_CLINICO(ID_PERSONA,ID_RES,ID_COMPLICACION_MEDICA,COSTO_REVISION,FECHA_REVISION,FECHA_MUERTE) VALUES (89795595,20,4,100500,TO_DATE('2018/01/01', 'yyyy/mm/dd'),NULL);
INSERT INTO HISTORIAL_CLINICO(ID_PERSONA,ID_RES,ID_COMPLICACION_MEDICA,COSTO_REVISION,FECHA_REVISION,FECHA_MUERTE) VALUES (6598959,19,1,850000,TO_DATE('2020/05/08', 'yyyy/mm/dd'),NULL);
INSERT INTO HISTORIAL_CLINICO(ID_PERSONA,ID_RES,ID_COMPLICACION_MEDICA,COSTO_REVISION,FECHA_REVISION,FECHA_MUERTE) VALUES (7863267,25,4,100500,TO_DATE('2016/07/10', 'yyyy/mm/dd'),NULL);
INSERT INTO HISTORIAL_CLINICO(ID_PERSONA,ID_RES,ID_COMPLICACION_MEDICA,COSTO_REVISION,FECHA_REVISION,FECHA_MUERTE) VALUES (6598959,11,1,850000,TO_DATE('2018/09/12', 'yyyy/mm/dd'),NULL);
INSERT INTO HISTORIAL_CLINICO(ID_PERSONA,ID_RES,ID_COMPLICACION_MEDICA,COSTO_REVISION,FECHA_REVISION,FECHA_MUERTE) VALUES (89795595,2,2,365500,TO_DATE('2020/05/16', 'yyyy/mm/dd'),NULL);
INSERT INTO HISTORIAL_CLINICO(ID_PERSONA,ID_RES,ID_COMPLICACION_MEDICA,COSTO_REVISION,FECHA_REVISION,FECHA_MUERTE) VALUES (7863267,1,1,850000,TO_DATE('2016/04/17', 'yyyy/mm/dd'),NULL);
INSERT INTO HISTORIAL_CLINICO(ID_PERSONA,ID_RES,ID_COMPLICACION_MEDICA,COSTO_REVISION,FECHA_REVISION,FECHA_MUERTE) VALUES (89795595,4,1,850000,TO_DATE('2014/05/21', 'yyyy/mm/dd'),NULL);
/*----------------------------------------------------------------------------------------------------------------------------*/
